filename,reason
32931_2421401755_0352-00088.jpg,Blank Card / No data found
32931_2421401755_0352-00086.jpg,Blank Card / No data found
32931_2421401755_0352-00090.jpg,Blank Card / No data found
32931_2421401755_0352-00078.jpg,Blank Card / No data found
32931_2421401755_0352-00094.jpg,Blank Card / No data found
32931_2421401755_0352-00076.jpg,Blank Card / No data found
32931_2421401755_0352-00092.jpg,Blank Card / No data found
32931_2421401755_0352-00080.jpg,Blank Card / No data found
32931_2421401755_0352-00082.jpg,Blank Card / No data found
32931_2421401755_0352-00070.jpg,Blank Card / No data found
32931_2421401755_0352-00001.jpg,Blank Card / No data found
32931_2421401755_0352-00002.jpg,Blank Card / No data found
32931_2421401755_0352-00000.jpg,Blank Card / No data found
32931_2421401755_0352-00104.jpg,Blank Card / No data found
32931_2421401755_0352-00108.jpg,Blank Card / No data found
32931_2421401755_0352-00084.jpg,Blank Card / No data found
32931_2421401755_0352-00096.jpg,Blank Card / No data found
32931_2421401755_0352-00132.jpg,Blank Card / No data found
32931_2421401755_0352-00046.jpg,Blank Card / No data found
32931_2421401755_0352-00106.jpg,Blank Card / No data found
32931_2421401755_0352-00102.jpg,Blank Card / No data found
32931_2421401755_0352-00142.jpg,Blank Card / No data found
32931_2421401755_0352-00062.jpg,Blank Card / No data found
32931_2421401755_0352-00050.jpg,Blank Card / No data found
32931_2421401755_0352-00040.jpg,Blank Card / No data found
32931_2421401755_0352-00044.jpg,Blank Card / No data found
32931_2421401755_0352-00068.jpg,Blank Card / No data found
32931_2421401755_0352-00012.jpg,Blank Card / No data found
32931_2421401755_0352-00016.jpg,Blank Card / No data found
32931_2421401755_0352-00130.jpg,Blank Card / No data found
32931_2421401755_0352-00134.jpg,Blank Card / No data found
32931_2421401755_0352-00138.jpg,Blank Card / No data found
32931_2421401755_0352-00030.jpg,Blank Card / No data found
32931_2421401755_0352-00054.jpg,Blank Card / No data found
32931_2421401755_0352-00118.jpg,Blank Card / No data found
32931_2421401755_0352-00146.jpg,Blank Card / No data found
32931_2421401755_0352-00026.jpg,Blank Card / No data found
32931_2421401755_0352-00166.jpg,Blank Card / No data found
32931_2421401755_0352-00110.jpg,Blank Card / No data found
32931_2421401755_0352-00034.jpg,Blank Card / No data found
32931_2421401755_0352-00136.jpg,Blank Card / No data found
32931_2421401755_0352-00010.jpg,Blank Card / No data found
32931_2421401755_0352-00064.jpg,Blank Card / No data found
32931_2421401755_0352-00036.jpg,Blank Card / No data found
32931_2421401755_0352-00168.jpg,Blank Card / No data found
32931_2421401755_0352-00048.jpg,Blank Card / No data found
32931_2421401755_0352-00042.jpg,Blank Card / No data found
32931_2421401755_0352-00182.jpg,Blank Card / No data found
32931_2421401755_0352-00128.jpg,Blank Card / No data found
32931_2421401755_0352-00018.jpg,Blank Card / No data found
32931_2421401755_0352-00006.jpg,Blank Card / No data found
32931_2421401755_0352-00150.jpg,Blank Card / No data found
32931_2421401755_0352-00112.jpg,Blank Card / No data found
32931_2421401755_0352-00194.jpg,Blank Card / No data found
32931_2421401755_0352-00148.jpg,Blank Card / No data found
32931_2421401755_0352-00072.jpg,Blank Card / No data found
32931_2421401755_0352-00122.jpg,Blank Card / No data found
32931_2421401755_0352-00038.jpg,Blank Card / No data found
32931_2421401755_0352-00098.jpg,Blank Card / No data found
32931_2421401755_0352-00124.jpg,Blank Card / No data found
32931_2421401755_0352-00126.jpg,Blank Card / No data found
32931_2421401755_0352-00164.jpg,Blank Card / No data found
32931_2421401755_0352-00028.jpg,Blank Card / No data found
32931_2421401755_0352-00188.jpg,Blank Card / No data found
32931_2421401755_0352-00008.jpg,Blank Card / No data found
32931_2421401755_0352-00116.jpg,Blank Card / No data found
32931_2421401755_0352-00120.jpg,Blank Card / No data found
32931_2421401755_0352-00158.jpg,Blank Card / No data found
32931_2421401755_0352-00022.jpg,Blank Card / No data found
32931_2421401755_0352-00152.jpg,Blank Card / No data found
32931_2421401755_0352-00144.jpg,Blank Card / No data found
32931_2421401755_0352-00196.jpg,Blank Card / No data found
32931_2421401755_0352-00058.jpg,Blank Card / No data found
32931_2421401755_0352-00192.jpg,Blank Card / No data found
32931_2421401755_0352-00066.jpg,Blank Card / No data found
32931_2421401755_0352-00178.jpg,Blank Card / No data found
32931_2421401755_0352-00114.jpg,Blank Card / No data found
32931_2421401755_0352-00174.jpg,Blank Card / No data found
32931_2421401755_0352-00140.jpg,Blank Card / No data found
32931_2421401755_0352-00060.jpg,Blank Card / No data found
32931_2421401755_0352-00056.jpg,Blank Card / No data found
32931_2421401755_0352-00190.jpg,Blank Card / No data found
32931_2421401755_0352-00024.jpg,Blank Card / No data found
32931_2421401755_0352-00198.jpg,Blank Card / No data found
32931_2421401755_0352-00176.jpg,Blank Card / No data found
32931_2421401755_0352-00184.jpg,Blank Card / No data found
32931_2421401755_0352-00014.jpg,Blank Card / No data found
32931_2421401755_0352-00204.jpg,Blank Card / No data found
32931_2421401755_0352-00154.jpg,Blank Card / No data found
32931_2421401755_0352-00180.jpg,Blank Card / No data found
32931_2421401755_0352-00238.jpg,Blank Card / No data found
32931_2421401755_0352-00160.jpg,Blank Card / No data found
32931_2421401755_0352-00186.jpg,Blank Card / No data found
32931_2421401755_0352-00232.jpg,Blank Card / No data found
32931_2421401755_0352-00020.jpg,Blank Card / No data found
32931_2421401755_0352-00230.jpg,Blank Card / No data found
32931_2421401755_0352-00228.jpg,Blank Card / No data found
32931_2421401755_0352-00234.jpg,Blank Card / No data found
32931_2421401755_0352-00254.jpg,Blank Card / No data found
32931_2421401755_0352-00170.jpg,Blank Card / No data found
32931_2421401755_0352-00172.jpg,Blank Card / No data found
32931_2421401755_0352-00260.jpg,Blank Card / No data found
32931_2421401755_0352-00222.jpg,Blank Card / No data found
32931_2421401755_0352-00208.jpg,Blank Card / No data found
32931_2421401755_0352-00268.jpg,Blank Card / No data found
32931_2421401755_0352-00220.jpg,Blank Card / No data found
32931_2421401755_0352-00212.jpg,Blank Card / No data found
32931_2421401755_0352-00162.jpg,Blank Card / No data found
32931_2421401755_0352-00226.jpg,System Error: [WinError 10054] An existing connection was forcibly closed by the remote host
32931_2421401755_0352-00242.jpg,Blank Card / No data found
32931_2421401755_0352-00052.jpg,Blank Card / No data found
32931_2421401755_0352-00240.jpg,Blank Card / No data found
32931_2421401755_0352-00264.jpg,Blank Card / No data found
32931_2421401755_0352-00272.jpg,Blank Card / No data found
32931_2421401755_0352-00200.jpg,Blank Card / No data found
32931_2421401755_0352-00262.jpg,Blank Card / No data found
32931_2421401755_0352-00218.jpg,Blank Card / No data found
32931_2421401755_0352-00202.jpg,Blank Card / No data found
32931_2421401755_0352-00256.jpg,Blank Card / No data found
32931_2421401755_0352-00284.jpg,Blank Card / No data found
32931_2421401755_0352-00278.jpg,Blank Card / No data found
32931_2421401755_0352-00266.jpg,Blank Card / No data found
32931_2421401755_0352-00290.jpg,Blank Card / No data found
32931_2421401755_0352-00216.jpg,Blank Card / No data found
32931_2421401755_0352-00280.jpg,Blank Card / No data found
32931_2421401755_0352-00250.jpg,Blank Card / No data found
32931_2421401755_0352-00244.jpg,Blank Card / No data found
32931_2421401755_0352-00282.jpg,Blank Card / No data found
32931_2421401755_0352-00276.jpg,Blank Card / No data found
32931_2421401755_0352-00294.jpg,Blank Card / No data found
32931_2421401755_0352-00286.jpg,Blank Card / No data found
32931_2421401755_0352-00274.jpg,Blank Card / No data found
32931_2421401755_0352-00288.jpg,Blank Card / No data found
32931_2421401755_0352-00292.jpg,System Error: [WinError 10054] An existing connection was forcibly closed by the remote host
32931_2421401755_0352-00224.jpg,Blank Card / No data found
32931_2421401755_0352-00004.jpg,Blank Card / No data found
32931_2421401755_0352-00214.jpg,Blank Card / No data found
32931_2421401755_0352-00306.jpg,Blank Card / No data found
32931_2421401755_0352-00258.jpg,Blank Card / No data found
32931_2421401755_0352-00210.jpg,Blank Card / No data found
32931_2421401755_0352-00296.jpg,Blank Card / No data found
32931_2421401755_0352-00246.jpg,Blank Card / No data found
32931_2421401755_0352-00304.jpg,Blank Card / No data found
32931_2421401755_0352-00206.jpg,Blank Card / No data found
32931_2421401755_0352-00248.jpg,Blank Card / No data found
32931_2421401755_0352-00302.jpg,Blank Card / No data found
32931_2421401755_0352-00236.jpg,Blank Card / No data found
32931_2421401755_0352-00100.jpg,Blank Card / No data found
32931_2421401755_0352-00270.jpg,Blank Card / No data found
32931_2421401755_0352-00308.jpg,Blank Card / No data found
32931_2421401755_0352-00252.jpg,Blank Card / No data found
32931_2421401755_0352-00310.jpg,Blank Card / No data found
32931_2421401755_0352-00318.jpg,Blank Card / No data found
32931_2421401755_0352-00332.jpg,Blank Card / No data found
32931_2421401755_0352-00322.jpg,Blank Card / No data found
32931_2421401755_0352-00316.jpg,Blank Card / No data found
32931_2421401755_0352-00298.jpg,Blank Card / No data found
32931_2421401755_0352-00320.jpg,Blank Card / No data found
32931_2421401755_0352-00364.jpg,Blank Card / No data found
32931_2421401755_0352-00342.jpg,Blank Card / No data found
32931_2421401755_0352-00300.jpg,Blank Card / No data found
32931_2421401755_0352-00336.jpg,Blank Card / No data found
32931_2421401755_0352-00338.jpg,Blank Card / No data found
32931_2421401755_0352-00326.jpg,Blank Card / No data found
32931_2421401755_0352-00330.jpg,Blank Card / No data found
32931_2421401755_0352-00368.jpg,Blank Card / No data found
32931_2421401755_0352-00370.jpg,Blank Card / No data found
32931_2421401755_0352-00324.jpg,Blank Card / No data found
32931_2421401755_0352-00358.jpg,Blank Card / No data found
32931_2421401755_0352-00388.jpg,Blank Card / No data found
32931_2421401755_0352-00356.jpg,Blank Card / No data found
32931_2421401755_0352-00376.jpg,Blank Card / No data found
32931_2421401755_0352-00412.jpg,Blank Card / No data found
32931_2421401755_0352-00346.jpg,Blank Card / No data found
32931_2421401755_0352-00360.jpg,Blank Card / No data found
32931_2421401755_0352-00312.jpg,Blank Card / No data found
32931_2421401755_0352-00334.jpg,Blank Card / No data found
32931_2421401755_0352-00374.jpg,Blank Card / No data found
32931_2421401755_0352-00382.jpg,Blank Card / No data found
32931_2421401755_0352-00340.jpg,Blank Card / No data found
32931_2421401755_0352-00380.jpg,Blank Card / No data found
32931_2421401755_0352-00394.jpg,Blank Card / No data found
32931_2421401755_0352-00352.jpg,Blank Card / No data found
32931_2421401755_0352-00384.jpg,Blank Card / No data found
32931_2421401755_0352-00354.jpg,Blank Card / No data found
32931_2421401755_0352-00386.jpg,Blank Card / No data found
32931_2421401755_0352-00417.jpg,Blank Card / No data found
32931_2421401755_0352-00406.jpg,Blank Card / No data found
32931_2421401755_0352-00328.jpg,Blank Card / No data found
32931_2421401755_0352-00410.jpg,Blank Card / No data found
32931_2421401755_0352-00314.jpg,Blank Card / No data found
32931_2421401755_0352-00366.jpg,Blank Card / No data found
32931_2421401755_0352-00396.jpg,Blank Card / No data found
32931_2421401755_0352-00404.jpg,Blank Card / No data found
32931_2421401755_0352-00350.jpg,Blank Card / No data found
32931_2421401755_0352-00392.jpg,Blank Card / No data found
32931_2421401755_0352-00378.jpg,Blank Card / No data found
32931_2421401755_0352-00390.jpg,Blank Card / No data found
32931_2421401755_0352-00426.jpg,Blank Card / No data found
32931_2421401755_0352-00372.jpg,Blank Card / No data found
32931_2421401755_0352-00408.jpg,Blank Card / No data found
32931_2421401755_0352-00486.jpg,Blank Card / No data found
32931_2421401755_0352-00446.jpg,Blank Card / No data found
32931_2421401755_0352-00398.jpg,Blank Card / No data found
32931_2421401755_0352-00482.jpg,Blank Card / No data found
32931_2421401755_0352-00420.jpg,Blank Card / No data found
32931_2421401755_0352-00407.jpg,Blank Card / No data found
32931_2421401755_0352-00434.jpg,Blank Card / No data found
32931_2421401755_0352-00409.jpg,Blank Card / No data found
32931_2421401755_0352-00402.jpg,Blank Card / No data found
32931_2421401755_0352-00432.jpg,Blank Card / No data found
32931_2421401755_0352-00444.jpg,Blank Card / No data found
32931_2421401755_0352-00450.jpg,Blank Card / No data found
32931_2421401755_0352-00472.jpg,Blank Card / No data found
32931_2421401755_0352-00440.jpg,Blank Card / No data found
32931_2421401755_0352-00438.jpg,Blank Card / No data found
32931_2421401755_0352-00428.jpg,Blank Card / No data found
32931_2421401755_0352-00414.jpg,Blank Card / No data found
32931_2421401755_0352-00488.jpg,Blank Card / No data found
32931_2421401755_0352-00452.jpg,Blank Card / No data found
32931_2421401755_0352-00415.jpg,Blank Card / No data found
32931_2421401755_0352-00362.jpg,Blank Card / No data found
32931_2421401755_0352-00462.jpg,Blank Card / No data found
32931_2421401755_0352-00456.jpg,Blank Card / No data found
32931_2421401755_0352-00466.jpg,Blank Card / No data found
32931_2421401755_0352-00478.jpg,Blank Card / No data found
32931_2421401755_0352-00424.jpg,Blank Card / No data found
32931_2421401755_0352-00454.jpg,Blank Card / No data found
32931_2421401755_0352-00418.jpg,Blank Card / No data found
32931_2421401755_0352-00526.jpg,Blank Card / No data found
32931_2421401755_0352-00468.jpg,Blank Card / No data found
32931_2421401755_0352-00464.jpg,Blank Card / No data found
32931_2421401755_0352-00490.jpg,Blank Card / No data found
32931_2421401755_0352-00496.jpg,Blank Card / No data found
32931_2421401755_0352-00413.jpg,Blank Card / No data found
32931_2421401755_0352-00470.jpg,Blank Card / No data found
32931_2421401755_0352-00442.jpg,Blank Card / No data found
32931_2421401755_0352-00476.jpg,Blank Card / No data found
32931_2421401755_0352-00460.jpg,Blank Card / No data found
32931_2421401755_0352-00436.jpg,Blank Card / No data found
32931_2421401755_0352-00500.jpg,Blank Card / No data found
32931_2421401755_0352-00484.jpg,Blank Card / No data found
32931_2421401755_0352-00480.jpg,Blank Card / No data found
32931_2421401755_0352-00504.jpg,Blank Card / No data found
32931_2421401755_0352-00422.jpg,Blank Card / No data found
32931_2421401755_0352-00494.jpg,Blank Card / No data found
32931_2421401755_0352-00528.jpg,Blank Card / No data found
32931_2421401755_0352-00548.jpg,Blank Card / No data found
32931_2421401755_0352-00400.jpg,Blank Card / No data found
32931_2421401755_0352-00474.jpg,Blank Card / No data found
32931_2421401755_0352-00562.jpg,Blank Card / No data found
32931_2421401755_0352-00430.jpg,Blank Card / No data found
32931_2421401755_0352-00508.jpg,Blank Card / No data found
32931_2421401755_0352-00524.jpg,Blank Card / No data found
32931_2421401755_0352-00516.jpg,Blank Card / No data found
32931_2421401755_0352-00492.jpg,Blank Card / No data found
32931_2421401755_0352-00540.jpg,Blank Card / No data found
32931_2421401755_0352-00512.jpg,Blank Card / No data found
32931_2421401755_0352-00458.jpg,Blank Card / No data found
32931_2421401755_0352-00538.jpg,Blank Card / No data found
32931_2421401755_0352-00534.jpg,Blank Card / No data found
32931_2421401755_0352-00518.jpg,Blank Card / No data found
32931_2421401755_0352-00592.jpg,Blank Card / No data found
32931_2421401755_0352-00520.jpg,Blank Card / No data found
32931_2421401755_0352-00514.jpg,Blank Card / No data found
32931_2421401755_0352-00448.jpg,Blank Card / No data found
32931_2421401755_0352-00580.jpg,Blank Card / No data found
32931_2421401755_0352-00542.jpg,Blank Card / No data found
32931_2421401755_0352-00536.jpg,Blank Card / No data found
32931_2421401755_0352-00572.jpg,Blank Card / No data found
32931_2421401755_0352-00556.jpg,Blank Card / No data found
32931_2421401755_0352-00570.jpg,Blank Card / No data found
32931_2421401755_0352-00491.jpg,Blank Card / No data found
32931_2421401755_0352-00502.jpg,Blank Card / No data found
32931_2421401755_0352-00566.jpg,Blank Card / No data found
32931_2421401755_0352-00522.jpg,Blank Card / No data found
32931_2421401755_0352-00564.jpg,Blank Card / No data found
32931_2421401755_0352-00594.jpg,Blank Card / No data found
32931_2421401755_0352-00546.jpg,Blank Card / No data found
32931_2421401755_0352-00498.jpg,Blank Card / No data found
32931_2421401755_0352-00578.jpg,Blank Card / No data found
32931_2421401755_0352-00550.jpg,Blank Card / No data found
32931_2421401755_0352-00506.jpg,Blank Card / No data found
32931_2421401755_0352-00558.jpg,Blank Card / No data found
32931_2421401755_0352-00552.jpg,Blank Card / No data found
32931_2421401755_0352-00600.jpg,Blank Card / No data found
32931_2421401755_0352-00554.jpg,Blank Card / No data found
32931_2421401755_0352-00584.jpg,Blank Card / No data found
32931_2421401755_0352-00576.jpg,Blank Card / No data found
32931_2421401755_0352-00606.jpg,Blank Card / No data found
32931_2421401755_0352-00582.jpg,Blank Card / No data found
32931_2421401755_0352-00532.jpg,Blank Card / No data found
32931_2421401755_0352-00510.jpg,Blank Card / No data found
32931_2421401755_0352-00624.jpg,Blank Card / No data found
32931_2421401755_0352-00610.jpg,Blank Card / No data found
32931_2421401755_0352-00608.jpg,Blank Card / No data found
32931_2421401755_0352-00602.jpg,Blank Card / No data found
32931_2421401755_0352-00670.jpg,Blank Card / No data found
32931_2421401755_0352-00598.jpg,Blank Card / No data found
32931_2421401755_0352-00632.jpg,Blank Card / No data found
32931_2421401755_0352-00642.jpg,Blank Card / No data found
32931_2421401755_0352-00596.jpg,Blank Card / No data found
32931_2421401755_0352-00560.jpg,Blank Card / No data found
32931_2421401755_0352-00634.jpg,Blank Card / No data found
32931_2421401755_0352-00588.jpg,Blank Card / No data found
32931_2421401755_0352-00626.jpg,Blank Card / No data found
32931_2421401755_0352-00628.jpg,Blank Card / No data found
32931_2421401755_0352-00644.jpg,Blank Card / No data found
32931_2421401755_0352-00666.jpg,Blank Card / No data found
32931_2421401755_0352-00544.jpg,Blank Card / No data found
32931_2421401755_0352-00650.jpg,Blank Card / No data found
32931_2421401755_0352-00648.jpg,Blank Card / No data found
32931_2421401755_0352-00636.jpg,Blank Card / No data found
32931_2421401755_0352-00568.jpg,Blank Card / No data found
32931_2421401755_0352-00620.jpg,Blank Card / No data found
32931_2421401755_0352-00630.jpg,Blank Card / No data found
32931_2421401755_0352-00590.jpg,Blank Card / No data found
32931_2421401755_0352-00618.jpg,Blank Card / No data found
32931_2421401755_0352-00662.jpg,Blank Card / No data found
32931_2421401755_0352-00658.jpg,Blank Card / No data found
32931_2421401755_0352-00604.jpg,Blank Card / No data found
32931_2421401755_0352-00652.jpg,Blank Card / No data found
32931_2421401755_0352-00686.jpg,Blank Card / No data found
32931_2421401755_0352-00672.jpg,Blank Card / No data found
32931_2421401755_0352-00688.jpg,Blank Card / No data found
32931_2421401755_0352-00646.jpg,Blank Card / No data found
32931_2421401755_0352-00724.jpg,Blank Card / No data found
32931_2421401755_0352-00656.jpg,Blank Card / No data found
32931_2421401755_0352-00668.jpg,Blank Card / No data found
32931_2421401755_0352-00692.jpg,Blank Card / No data found
32931_2421401755_0352-00728.jpg,Blank Card / No data found
32931_2421401755_0352-00680.jpg,Blank Card / No data found
32931_2421401755_0352-00698.jpg,Blank Card / No data found
32931_2421401755_0352-00684.jpg,Blank Card / No data found
32931_2421401755_0352-00676.jpg,Blank Card / No data found
32931_2421401755_0352-00746.jpg,Blank Card / No data found
32931_2421401755_0352-00704.jpg,Blank Card / No data found
32931_2421401755_0352-00712.jpg,Blank Card / No data found
32931_2421401755_0352-00768.jpg,Blank Card / No data found
32931_2421401755_0352-00694.jpg,Blank Card / No data found
32931_2421401755_0352-00690.jpg,Blank Card / No data found
32931_2421401755_0352-00660.jpg,Blank Card / No data found
32931_2421401755_0352-00700.jpg,Blank Card / No data found
32931_2421401755_0352-00722.jpg,Blank Card / No data found
32931_2421401755_0352-00702.jpg,Blank Card / No data found
32931_2421401755_0352-00727.jpg,Blank Card / No data found
32931_2421401755_0352-00798.jpg,Blank Card / No data found
32931_2421401755_0352-00710.jpg,Blank Card / No data found
32931_2421401755_0352-00674.jpg,Blank Card / No data found
32931_2421401755_0352-00708.jpg,Blank Card / No data found
32931_2421401755_0352-00736.jpg,Blank Card / No data found
32931_2421401755_0352-00640.jpg,Blank Card / No data found
32931_2421401755_0352-00730.jpg,Blank Card / No data found
32931_2421401755_0352-00719.jpg,Blank Card / No data found
32931_2421401755_0352-00744.jpg,Blank Card / No data found
32931_2421401755_0352-00738.jpg,Blank Card / No data found
32931_2421401755_0352-00723.jpg,Blank Card / No data found
32931_2421401755_0352-00678.jpg,Blank Card / No data found
32931_2421401755_0352-00682.jpg,Blank Card / No data found
32931_2421401755_0352-00654.jpg,Blank Card / No data found
32931_2421401755_0352-00706.jpg,Blank Card / No data found
32931_2421401755_0352-00638.jpg,Blank Card / No data found
32931_2421401755_0352-00714.jpg,Blank Card / No data found
32931_2421401755_0352-00774.jpg,Blank Card / No data found
32931_2421401755_0352-00756.jpg,Blank Card / No data found
32931_2421401755_0352-00752.jpg,Blank Card / No data found
32931_2421401755_0352-00720.jpg,Blank Card / No data found
32931_2421401755_0352-00742.jpg,Blank Card / No data found
32931_2421401755_0352-00750.jpg,Blank Card / No data found
32931_2421401755_0352-00717.jpg,Blank Card / No data found
32931_2421401755_0352-00776.jpg,Blank Card / No data found
32931_2421401755_0352-00796.jpg,Blank Card / No data found
32931_2421401755_0352-00822.jpg,Blank Card / No data found
32931_2421401755_0352-00754.jpg,Blank Card / No data found
32931_2421401755_0352-00764.jpg,Blank Card / No data found
32931_2421401755_0352-00721.jpg,Blank Card / No data found
32931_2421401755_0352-00696.jpg,Blank Card / No data found
32931_2421401755_0352-00732.jpg,Blank Card / No data found
32931_2421401755_0352-00766.jpg,Blank Card / No data found
32931_2421401755_0352-00780.jpg,System Error: [WinError 10054] An existing connection was forcibly closed by the remote host
32931_2421401755_0352-00740.jpg,Blank Card / No data found
32931_2421401755_0352-00748.jpg,Blank Card / No data found
32931_2421401755_0352-00734.jpg,Blank Card / No data found
32931_2421401755_0352-00804.jpg,Blank Card / No data found
32931_2421401755_0352-00772.jpg,Blank Card / No data found
32931_2421401755_0352-00718.jpg,Blank Card / No data found
32931_2421401755_0352-00808.jpg,Blank Card / No data found
32931_2421401755_0352-00794.jpg,Blank Card / No data found
32931_2421401755_0352-00758.jpg,Blank Card / No data found
32931_2421401755_0352-00824.jpg,Blank Card / No data found
32931_2421401755_0352-00725.jpg,Blank Card / No data found
32931_2421401755_0352-00820.jpg,Blank Card / No data found
32931_2421401755_0352-00762.jpg,Blank Card / No data found
32931_2421401755_0352-00812.jpg,Blank Card / No data found
32931_2421401755_0352-00826.jpg,Blank Card / No data found
32931_2421401755_0352-00770.jpg,Blank Card / No data found
32931_2421401755_0352-00802.jpg,Blank Card / No data found
32931_2421401755_0352-00836.jpg,Blank Card / No data found
32931_2421401755_0352-00828.jpg,Blank Card / No data found
32931_2421401755_0352-00830.jpg,Blank Card / No data found
32931_2421401755_0352-00800.jpg,Blank Card / No data found
32931_2421401755_0352-00790.jpg,Blank Card / No data found
32931_2421401755_0352-00834.jpg,Blank Card / No data found
32931_2421401755_0352-00842.jpg,Blank Card / No data found
32931_2421401755_0352-00760.jpg,Blank Card / No data found
32931_2421401755_0352-00784.jpg,Blank Card / No data found
32931_2421401755_0352-00840.jpg,Blank Card / No data found
32931_2421401755_0352-00792.jpg,Blank Card / No data found
32931_2421401755_0352-00838.jpg,Blank Card / No data found
32931_2421401755_0352-00786.jpg,Blank Card / No data found
32931_2421401755_0352-00850.jpg,Blank Card / No data found
32931_2421401755_0352-00818.jpg,Blank Card / No data found
32931_2421401755_0352-00880.jpg,Blank Card / No data found
32931_2421401755_0352-00778.jpg,Blank Card / No data found
32931_2421401755_0352-00782.jpg,Blank Card / No data found
32931_2421401755_0352-00814.jpg,Blank Card / No data found
32931_2421401755_0352-00860.jpg,Blank Card / No data found
32931_2421401755_0352-00816.jpg,Blank Card / No data found
32931_2421401755_0352-00854.jpg,Blank Card / No data found
32931_2421401755_0352-00862.jpg,Blank Card / No data found
32931_2421401755_0352-00874.jpg,Blank Card / No data found
32931_2421401755_0352-00810.jpg,Blank Card / No data found
32931_2421401755_0352-00876.jpg,Blank Card / No data found
32931_2421401755_0352-00878.jpg,Blank Card / No data found
32931_2421401755_0352-00788.jpg,Blank Card / No data found
32931_2421401755_0352-00884.jpg,Blank Card / No data found
32931_2421401755_0352-00888.jpg,Blank Card / No data found
32931_2421401755_0352-00868.jpg,Blank Card / No data found
32931_2421401755_0352-00882.jpg,Blank Card / No data found
32931_2421401755_0352-00890.jpg,Blank Card / No data found
32931_2421401755_0352-00920.jpg,Blank Card / No data found
32931_2421401755_0352-00870.jpg,Blank Card / No data found
32931_2421401755_0352-00852.jpg,Blank Card / No data found
32931_2421401755_0352-00806.jpg,Blank Card / No data found
32931_2421401755_0352-00832.jpg,Blank Card / No data found
32931_2421401755_0352-00872.jpg,Blank Card / No data found
32931_2421401755_0352-00844.jpg,Blank Card / No data found
32931_2421401755_0352-00896.jpg,Blank Card / No data found
32931_2421401755_0352-00918.jpg,Blank Card / No data found
32931_2421401755_0352-00900.jpg,Blank Card / No data found
32931_2421401755_0352-00846.jpg,Blank Card / No data found
32931_2421401755_0352-00858.jpg,Blank Card / No data found
32931_2421401755_0352-00902.jpg,Blank Card / No data found
32931_2421401755_0352-00908.jpg,Blank Card / No data found
32931_2421401755_0352-00886.jpg,Blank Card / No data found
32931_2421401755_0352-00892.jpg,Blank Card / No data found
32931_2421401755_0352-00848.jpg,Blank Card / No data found
32931_2421401755_0352-00904.jpg,Blank Card / No data found
32931_2421401755_0352-00934.jpg,Blank Card / No data found
32931_2421401755_0352-00906.jpg,Blank Card / No data found
32931_2421401755_0352-00866.jpg,Blank Card / No data found
32931_2421401755_0352-00924.jpg,Blank Card / No data found
32931_2421401755_0352-00856.jpg,Blank Card / No data found
32931_2421401755_0352-00801.jpg,Blank Card / No data found
32931_2421401755_0352-00936.jpg,Blank Card / No data found
32931_2421401755_0352-00922.jpg,Blank Card / No data found
32931_2421401755_0352-00926.jpg,Blank Card / No data found
32931_2421401755_0352-00964.jpg,Blank Card / No data found
32931_2421401755_0352-00958.jpg,Blank Card / No data found
32931_2421401755_0352-00916.jpg,Blank Card / No data found
32931_2421401755_0352-00930.jpg,Blank Card / No data found
32931_2421401755_0352-00950.jpg,Blank Card / No data found
32931_2421401755_0352-00956.jpg,Blank Card / No data found
32931_2421401755_0352-00928.jpg,Blank Card / No data found
32931_2421401755_0352-00948.jpg,Blank Card / No data found
32931_2421401755_0352-00944.jpg,Blank Card / No data found
32931_2421401755_0352-00932.jpg,Blank Card / No data found
32931_2421401755_0352-00960.jpg,Blank Card / No data found
32931_2421401755_0352-00952.jpg,Blank Card / No data found
32931_2421401755_0352-00914.jpg,Blank Card / No data found
32931_2421401755_0352-00971.jpg,Blank Card / No data found
32931_2421401755_0352-00978.jpg,Blank Card / No data found
32931_2421401755_0352-00984.jpg,Blank Card / No data found
32931_2421401755_0352-00912.jpg,Blank Card / No data found
32931_2421401755_0352-00942.jpg,Blank Card / No data found
32931_2421401755_0352-01000.jpg,Blank Card / No data found
32931_2421401755_0352-00998.jpg,Blank Card / No data found
32931_2421401755_0352-00994.jpg,Blank Card / No data found
32931_2421401755_0352-00968.jpg,Blank Card / No data found
32931_2421401755_0352-00946.jpg,Blank Card / No data found
32931_2421401755_0352-00972.jpg,Blank Card / No data found
32931_2421401755_0352-00894.jpg,Blank Card / No data found
32931_2421401755_0352-01012.jpg,Blank Card / No data found
32931_2421401755_0352-01016.jpg,Blank Card / No data found
32931_2421401755_0352-00988.jpg,Blank Card / No data found
32931_2421401755_0352-00967.jpg,Blank Card / No data found
32931_2421401755_0352-00940.jpg,Blank Card / No data found
32931_2421401755_0352-01024.jpg,Blank Card / No data found
32931_2421401755_0352-00938.jpg,Blank Card / No data found
32931_2421401755_0352-00962.jpg,Blank Card / No data found
32931_2421401755_0352-00975.jpg,Blank Card / No data found
32931_2421401755_0352-00898.jpg,Blank Card / No data found
32931_2421401755_0352-00976.jpg,Blank Card / No data found
32931_2421401755_0352-01018.jpg,Blank Card / No data found
32931_2421401755_0352-01002.jpg,Blank Card / No data found
32931_2421401755_0352-01020.jpg,Blank Card / No data found
32931_2421401755_0352-00969.jpg,Blank Card / No data found
32931_2421401755_0352-00954.jpg,Blank Card / No data found
32931_2421401755_0352-01042.jpg,Blank Card / No data found
32931_2421401755_0352-01014.jpg,Blank Card / No data found
32931_2421401755_0352-01034.jpg,Blank Card / No data found
32931_2421401755_0352-01032.jpg,Blank Card / No data found
32931_2421401755_0352-00996.jpg,Blank Card / No data found
32931_2421401755_0352-01056.jpg,Blank Card / No data found
32931_2421401755_0352-01022.jpg,Blank Card / No data found
32931_2421401755_0352-00970.jpg,Blank Card / No data found
32931_2421401755_0352-01010.jpg,Blank Card / No data found
32931_2421401755_0352-00992.jpg,Blank Card / No data found
32931_2421401755_0352-01064.jpg,Blank Card / No data found
32931_2421401755_0352-01084.jpg,Blank Card / No data found
32931_2421401755_0352-01004.jpg,Blank Card / No data found
32931_2421401755_0352-01040.jpg,Blank Card / No data found
32931_2421401755_0352-01046.jpg,Blank Card / No data found
32931_2421401755_0352-01005.jpg,Blank Card / No data found
32931_2421401755_0352-01036.jpg,Blank Card / No data found
32931_2421401755_0352-01028.jpg,Blank Card / No data found
32931_2421401755_0352-01026.jpg,Blank Card / No data found
32931_2421401755_0352-01008.jpg,Blank Card / No data found
32931_2421401755_0352-01072.jpg,Blank Card / No data found
32931_2421401755_0352-01080.jpg,Blank Card / No data found
32931_2421401755_0352-00986.jpg,Blank Card / No data found
32931_2421401755_0352-01088.jpg,Blank Card / No data found
32931_2421401755_0352-01098.jpg,Blank Card / No data found
32931_2421401755_0352-00982.jpg,Blank Card / No data found
32931_2421401755_0352-01030.jpg,Blank Card / No data found
32931_2421401755_0352-01068.jpg,Blank Card / No data found
32931_2421401755_0352-01082.jpg,Blank Card / No data found
32931_2421401755_0352-01048.jpg,Blank Card / No data found
32931_2421401755_0352-01108.jpg,Blank Card / No data found
32931_2421401755_0352-01097.jpg,Blank Card / No data found
32931_2421401755_0352-01090.jpg,Blank Card / No data found
32931_2421401755_0352-01062.jpg,Blank Card / No data found
32931_2421401755_0352-01093.jpg,Blank Card / No data found
32931_2421401755_0352-01138.jpg,Blank Card / No data found
32931_2421401755_0352-01104.jpg,Blank Card / No data found
32931_2421401755_0352-01106.jpg,Blank Card / No data found
32931_2421401755_0352-01050.jpg,Blank Card / No data found
32931_2421401755_0352-01114.jpg,Blank Card / No data found
32931_2421401755_0352-01078.jpg,Blank Card / No data found
32931_2421401755_0352-01142.jpg,Blank Card / No data found
32931_2421401755_0352-01100.jpg,Blank Card / No data found
32931_2421401755_0352-00990.jpg,Blank Card / No data found
32931_2421401755_0352-01094.jpg,Blank Card / No data found
32931_2421401755_0352-01102.jpg,Blank Card / No data found
32931_2421401755_0352-01126.jpg,Blank Card / No data found
32931_2421401755_0352-01130.jpg,Blank Card / No data found
32931_2421401755_0352-01091.jpg,Blank Card / No data found
32931_2421401755_0352-01110.jpg,Blank Card / No data found
32931_2421401755_0352-00980.jpg,Blank Card / No data found
32931_2421401755_0352-01128.jpg,Blank Card / No data found
32931_2421401755_0352-01112.jpg,Blank Card / No data found
32931_2421401755_0352-01095.jpg,Blank Card / No data found
32931_2421401755_0352-01066.jpg,Blank Card / No data found
32931_2421401755_0352-01092.jpg,Blank Card / No data found
32931_2421401755_0352-01074.jpg,Blank Card / No data found
32931_2421401755_0352-01132.jpg,Blank Card / No data found
32931_2421401755_0352-01172.jpg,Blank Card / No data found
32931_2421401755_0352-01144.jpg,Blank Card / No data found
32931_2421401755_0352-01168.jpg,Blank Card / No data found
32931_2421401755_0352-01146.jpg,Blank Card / No data found
32931_2421401755_0352-01116.jpg,Blank Card / No data found
32931_2421401755_0352-01140.jpg,Blank Card / No data found
32931_2421401755_0352-01154.jpg,Blank Card / No data found
32931_2421401755_0352-01136.jpg,Blank Card / No data found
32931_2421401755_0352-01162.jpg,Blank Card / No data found
32931_2421401755_0352-01196.jpg,Blank Card / No data found
32931_2421401755_0352-01160.jpg,Blank Card / No data found
32931_2421401755_0352-01176.jpg,Blank Card / No data found
32931_2421401755_0352-01118.jpg,Blank Card / No data found
32931_2421401755_0352-01148.jpg,Blank Card / No data found
32931_2421401755_0352-01158.jpg,Blank Card / No data found
32931_2421401755_0352-01166.jpg,Blank Card / No data found
32931_2421401755_0352-01120.jpg,Blank Card / No data found
32931_2421401755_0352-01178.jpg,"System Error: 500 INTERNAL. {'error': {'code': 500, 'message': 'Unable to submit request because the service is temporarily unavailable.', 'status': 'INTERNAL'}}"
32931_2421401755_0352-01150.jpg,Blank Card / No data found
32931_2421401755_0352-01156.jpg,Blank Card / No data found
32931_2421401755_0352-01124.jpg,Blank Card / No data found
32931_2421401755_0352-01188.jpg,Blank Card / No data found
32931_2421401755_0352-01122.jpg,Blank Card / No data found
32931_2421401755_0352-01206.jpg,Blank Card / No data found
32931_2421401755_0352-01190.jpg,Blank Card / No data found
32931_2421401755_0352-01198.jpg,Blank Card / No data found
32931_2421401755_0352-01186.jpg,Blank Card / No data found
32931_2421401755_0352-01212.jpg,Blank Card / No data found
32931_2421401755_0352-01134.jpg,Blank Card / No data found
32931_2421401755_0352-01192.jpg,Blank Card / No data found
32931_2421401755_0352-01152.jpg,Blank Card / No data found
32931_2421401755_0352-01174.jpg,Blank Card / No data found
32931_2421401755_0352-01226.jpg,Blank Card / No data found
32931_2421401755_0352-01173.jpg,"System Error: 500 INTERNAL. {'error': {'code': 500, 'message': 'Unable to submit request because the service is temporarily unavailable.', 'status': 'INTERNAL'}}"
32931_2421401755_0352-01204.jpg,Blank Card / No data found
32931_2421401755_0352-01194.jpg,Blank Card / No data found
32931_2421401755_0352-01240.jpg,Blank Card / No data found
32931_2421401755_0352-01089.jpg,Blank Card / No data found
32931_2421401755_0352-01216.jpg,System Error: [WinError 10054] An existing connection was forcibly closed by the remote host
32931_2421401755_0352-01164.jpg,Blank Card / No data found
32931_2421401755_0352-01193.jpg,"System Error: 500 INTERNAL. {'error': {'code': 500, 'message': 'Unable to submit request because the service is temporarily unavailable.', 'status': 'INTERNAL'}}"
32931_2421401755_0352-01170.jpg,Blank Card / No data found
32931_2421401755_0352-01246.jpg,Blank Card / No data found
32931_2421401755_0352-01223.jpg,"System Error: 500 INTERNAL. {'error': {'code': 500, 'message': 'Unable to submit request because the service is temporarily unavailable.', 'status': 'INTERNAL'}}"
32931_2421401755_0352-01250.jpg,Blank Card / No data found
32931_2421401755_0352-01227.jpg,System Error: [WinError 10054] An existing connection was forcibly closed by the remote host
32931_2421401755_0352-01234.jpg,"System Error: 500 INTERNAL. {'error': {'code': 500, 'message': 'Unable to submit request because the service is temporarily unavailable.', 'status': 'INTERNAL'}}"
32931_2421401755_0352-01298.jpg,Blank Card / No data found
32931_2421401755_0352-01210.jpg,Blank Card / No data found
32931_2421401755_0352-01218.jpg,Blank Card / No data found
32931_2421401755_0352-01242.jpg,Blank Card / No data found
32931_2421401755_0352-01220.jpg,Blank Card / No data found
32931_2421401755_0352-01232.jpg,Blank Card / No data found
32931_2421401755_0352-01236.jpg,Blank Card / No data found
32931_2421401755_0352-01214.jpg,Blank Card / No data found
32931_2421401755_0352-01180.jpg,Blank Card / No data found
32931_2421401755_0352-01254.jpg,Blank Card / No data found
32931_2421401755_0352-01238.jpg,Blank Card / No data found
32931_2421401755_0352-01228.jpg,Blank Card / No data found
32931_2421401755_0352-01244.jpg,Blank Card / No data found
32931_2421401755_0352-01274.jpg,Blank Card / No data found
32931_2421401755_0352-01256.jpg,Blank Card / No data found
32931_2421401755_0352-01184.jpg,Blank Card / No data found
32931_2421401755_0352-01224.jpg,Blank Card / No data found
32931_2421401755_0352-01268.jpg,Blank Card / No data found
32931_2421401755_0352-01252.jpg,Blank Card / No data found
32931_2421401755_0352-01266.jpg,Blank Card / No data found
32931_2421401755_0352-01272.jpg,Blank Card / No data found
32931_2421401755_0352-01260.jpg,Blank Card / No data found
32931_2421401755_0352-01294.jpg,Blank Card / No data found
32931_2421401755_0352-01270.jpg,Blank Card / No data found
32931_2421401755_0352-01222.jpg,Blank Card / No data found
32931_2421401755_0352-01262.jpg,Blank Card / No data found
32931_2421401755_0352-01280.jpg,Blank Card / No data found
32931_2421401755_0352-01276.jpg,Blank Card / No data found
32931_2421401755_0352-01202.jpg,Blank Card / No data found
32931_2421401755_0352-01264.jpg,Blank Card / No data found
32931_2421401755_0352-01200.jpg,Blank Card / No data found
32931_2421401755_0352-01296.jpg,Blank Card / No data found
32931_2421401755_0352-01230.jpg,Blank Card / No data found
32931_2421401755_0352-01182.jpg,Blank Card / No data found
32931_2421401755_0352-01302.jpg,Blank Card / No data found
32931_2421401755_0352-01300.jpg,Blank Card / No data found
32931_2421401755_0352-01292.jpg,Blank Card / No data found
32931_2421401755_0352-01286.jpg,Blank Card / No data found
32931_2421401755_0352-01320.jpg,Blank Card / No data found
32931_2421401755_0352-01324.jpg,Blank Card / No data found
32931_2421401755_0352-01316.jpg,Blank Card / No data found
32931_2421401755_0352-01248.jpg,Blank Card / No data found
32931_2421401755_0352-01322.jpg,Blank Card / No data found
32931_2421401755_0352-01312.jpg,System Error: [WinError 10054] An existing connection was forcibly closed by the remote host
32931_2421401755_0352-01208.jpg,Blank Card / No data found
32931_2421401755_0352-01258.jpg,Blank Card / No data found
32931_2421401755_0352-01328.jpg,Blank Card / No data found
32931_2421401755_0352-01308.jpg,Blank Card / No data found
32931_2421401755_0352-01306.jpg,Blank Card / No data found
32931_2421401755_0352-01332.jpg,Blank Card / No data found
32931_2421401755_0352-01314.jpg,Blank Card / No data found
32931_2421401755_0352-01330.jpg,Blank Card / No data found
32931_2421401755_0352-01318.jpg,Blank Card / No data found
32931_2421401755_0352-01310.jpg,Blank Card / No data found
32931_2421401755_0352-01334.jpg,Blank Card / No data found
32931_2421401755_0352-01362.jpg,Blank Card / No data found
32931_2421401755_0352-01338.jpg,Blank Card / No data found
32931_2421401755_0352-01288.jpg,"System Error: 500 INTERNAL. {'error': {'code': 500, 'message': 'Unable to submit request because the service is temporarily unavailable.', 'status': 'INTERNAL'}}"
32931_2421401755_0352-01358.jpg,Blank Card / No data found
32931_2421401755_0352-01366.jpg,Blank Card / No data found
32931_2421401755_0352-01380.jpg,Blank Card / No data found
32931_2421401755_0352-01340.jpg,Blank Card / No data found
32931_2421401755_0352-01350.jpg,Blank Card / No data found
32931_2421401755_0352-01388.jpg,Blank Card / No data found
32931_2421401755_0352-01282.jpg,Blank Card / No data found
32931_2421401755_0352-01284.jpg,Blank Card / No data found
32931_2421401755_0352-01382.jpg,Blank Card / No data found
32931_2421401755_0352-01364.jpg,Blank Card / No data found
32931_2421401755_0352-01348.jpg,Blank Card / No data found
32931_2421401755_0352-01374.jpg,Blank Card / No data found
32931_2421401755_0352-01336.jpg,Blank Card / No data found
32931_2421401755_0352-01376.jpg,Blank Card / No data found
32931_2421401755_0352-01410.jpg,Blank Card / No data found
32931_2421401755_0352-01386.jpg,Blank Card / No data found
32931_2421401755_0352-01370.jpg,Blank Card / No data found
32931_2421401755_0352-01372.jpg,Blank Card / No data found
32931_2421401755_0352-01346.jpg,Blank Card / No data found
32931_2421401755_0352-01356.jpg,Blank Card / No data found
32931_2421401755_0352-01342.jpg,Blank Card / No data found
32931_2421401755_0352-01360.jpg,Blank Card / No data found
32931_2421401755_0352-01290.jpg,Blank Card / No data found
32931_2421401755_0352-01412.jpg,Blank Card / No data found
32931_2421401755_0352-01378.jpg,Blank Card / No data found
32931_2421401755_0352-01404.jpg,Blank Card / No data found
32931_2421401755_0352-01390.jpg,Blank Card / No data found
32931_2421401755_0352-01428.jpg,Blank Card / No data found
32931_2421401755_0352-01406.jpg,Blank Card / No data found
32931_2421401755_0352-01400.jpg,Blank Card / No data found
32931_2421401755_0352-01396.jpg,Blank Card / No data found
32931_2421401755_0352-01398.jpg,Blank Card / No data found
32931_2421401755_0352-01392.jpg,Blank Card / No data found
32931_2421401755_0352-01354.jpg,Blank Card / No data found
32931_2421401755_0352-01420.jpg,Blank Card / No data found
32931_2421401755_0352-01402.jpg,Blank Card / No data found
32931_2421401755_0352-01344.jpg,Blank Card / No data found
32931_2421401755_0352-01411.jpg,System Error: [WinError 10054] An existing connection was forcibly closed by the remote host
32931_2421401755_0352-01414.jpg,Blank Card / No data found
32931_2421401755_0352-01352.jpg,Blank Card / No data found
32931_2421401755_0352-01416.jpg,Blank Card / No data found
32931_2421401755_0352-01442.jpg,Blank Card / No data found
32931_2421401755_0352-01368.jpg,Blank Card / No data found
32931_2421401755_0352-01462.jpg,Blank Card / No data found
32931_2421401755_0352-01326.jpg,Blank Card / No data found
32931_2421401755_0352-01456.jpg,Blank Card / No data found
32931_2421401755_0352-01466.jpg,Blank Card / No data found
32931_2421401755_0352-01458.jpg,Blank Card / No data found
32931_2421401755_0352-01418.jpg,Blank Card / No data found
32931_2421401755_0352-01424.jpg,Blank Card / No data found
32931_2421401755_0352-01464.jpg,Blank Card / No data found
32931_2421401755_0352-01438.jpg,Blank Card / No data found
32931_2421401755_0352-01472.jpg,Blank Card / No data found
32931_2421401755_0352-01448.jpg,Blank Card / No data found
32931_2421401755_0352-01470.jpg,Blank Card / No data found
32931_2421401755_0352-01422.jpg,Blank Card / No data found
32931_2421401755_0352-01452.jpg,Blank Card / No data found
32931_2421401755_0352-01446.jpg,Blank Card / No data found
32931_2421401755_0352-01436.jpg,Blank Card / No data found
32931_2421401755_0352-01432.jpg,Blank Card / No data found
32931_2421401755_0352-01450.jpg,Blank Card / No data found
32931_2421401755_0352-01384.jpg,Blank Card / No data found
32931_2421401755_0352-01496.jpg,Blank Card / No data found
32931_2421401755_0352-01460.jpg,Blank Card / No data found
32931_2421401755_0352-01484.jpg,Blank Card / No data found
32931_2421401755_0352-01478.jpg,Blank Card / No data found
32931_2421401755_0352-01426.jpg,Blank Card / No data found
32931_2421401755_0352-01430.jpg,Blank Card / No data found
32931_2421401755_0352-01520.jpg,Blank Card / No data found
32931_2421401755_0352-01468.jpg,Blank Card / No data found
32931_2421401755_0352-01514.jpg,Blank Card / No data found
32931_2421401755_0352-01524.jpg,Blank Card / No data found
32931_2421401755_0352-01447.jpg,"System Error: 500 INTERNAL. {'error': {'code': 500, 'message': 'Unable to submit request because the service is temporarily unavailable.', 'status': 'INTERNAL'}}"
32931_2421401755_0352-01522.jpg,Blank Card / No data found
32931_2421401755_0352-01394.jpg,Blank Card / No data found
32931_2421401755_0352-01482.jpg,Blank Card / No data found
32931_2421401755_0352-01444.jpg,Blank Card / No data found
32931_2421401755_0352-01476.jpg,Blank Card / No data found
32931_2421401755_0352-01512.jpg,Blank Card / No data found
32931_2421401755_0352-01434.jpg,Blank Card / No data found
32931_2421401755_0352-01408.jpg,Blank Card / No data found
32931_2421401755_0352-01440.jpg,Blank Card / No data found
32931_2421401755_0352-01552.jpg,Blank Card / No data found
32931_2421401755_0352-01490.jpg,Blank Card / No data found
32931_2421401755_0352-01474.jpg,Blank Card / No data found
32931_2421401755_0352-01494.jpg,Blank Card / No data found
32931_2421401755_0352-01502.jpg,Blank Card / No data found
32931_2421401755_0352-01327.jpg,Blank Card / No data found
32931_2421401755_0352-01516.jpg,Blank Card / No data found
32931_2421401755_0352-01528.jpg,Blank Card / No data found
32931_2421401755_0352-01492.jpg,Blank Card / No data found
32931_2421401755_0352-01504.jpg,Blank Card / No data found
32931_2421401755_0352-01506.jpg,Blank Card / No data found
32931_2421401755_0352-01510.jpg,Blank Card / No data found
32931_2421401755_0352-01558.jpg,Blank Card / No data found
32931_2421401755_0352-01525.jpg,"System Error: 500 INTERNAL. {'error': {'code': 500, 'message': 'Unable to submit request because the service is temporarily unavailable.', 'status': 'INTERNAL'}}"
32931_2421401755_0352-01486.jpg,Blank Card / No data found
32931_2421401755_0352-01518.jpg,Blank Card / No data found
32931_2421401755_0352-01498.jpg,Blank Card / No data found
32931_2421401755_0352-01508.jpg,Blank Card / No data found
32931_2421401755_0352-01560.jpg,Blank Card / No data found
32931_2421401755_0352-01544.jpg,Blank Card / No data found
32931_2421401755_0352-01548.jpg,Blank Card / No data found
32931_2421401755_0352-01564.jpg,Blank Card / No data found
32931_2421401755_0352-01546.jpg,Blank Card / No data found
32931_2421401755_0352-01542.jpg,Blank Card / No data found
32931_2421401755_0352-01576.jpg,Blank Card / No data found
32931_2421401755_0352-01538.jpg,Blank Card / No data found
32931_2421401755_0352-01570.jpg,Blank Card / No data found
32931_2421401755_0352-01526.jpg,Blank Card / No data found
32931_2421401755_0352-01584.jpg,Blank Card / No data found
32931_2421401755_0352-01588.jpg,Blank Card / No data found
32931_2421401755_0352-01598.jpg,Blank Card / No data found
32931_2421401755_0352-01488.jpg,Blank Card / No data found
32931_2421401755_0352-01596.jpg,Blank Card / No data found
32931_2421401755_0352-01556.jpg,Blank Card / No data found
32931_2421401755_0352-01582.jpg,Blank Card / No data found
32931_2421401755_0352-01562.jpg,Blank Card / No data found
32931_2421401755_0352-01540.jpg,System Error: [WinError 10054] An existing connection was forcibly closed by the remote host
32931_2421401755_0352-01614.jpg,Blank Card / No data found
32931_2421401755_0352-01568.jpg,Blank Card / No data found
32931_2421401755_0352-01550.jpg,Blank Card / No data found
32931_2421401755_0352-01620.jpg,Blank Card / No data found
32931_2421401755_0352-01594.jpg,Blank Card / No data found
32931_2421401755_0352-01608.jpg,Blank Card / No data found
32931_2421401755_0352-01602.jpg,Blank Card / No data found
32931_2421401755_0352-01618.jpg,Blank Card / No data found
32931_2421401755_0352-01580.jpg,Blank Card / No data found
32931_2421401755_0352-01606.jpg,Blank Card / No data found
32931_2421401755_0352-01604.jpg,Blank Card / No data found
32931_2421401755_0352-01626.jpg,Blank Card / No data found
32931_2421401755_0352-01590.jpg,Blank Card / No data found
32931_2421401755_0352-01610.jpg,Blank Card / No data found
32931_2421401755_0352-01572.jpg,Blank Card / No data found
32931_2421401755_0352-01566.jpg,Blank Card / No data found
32931_2421401755_0352-01500.jpg,Blank Card / No data found
32931_2421401755_0352-01600.jpg,Blank Card / No data found
32931_2421401755_0352-01664.jpg,Blank Card / No data found
32931_2421401755_0352-01530.jpg,Blank Card / No data found
32931_2421401755_0352-01632.jpg,Blank Card / No data found
32931_2421401755_0352-01612.jpg,Blank Card / No data found
32931_2421401755_0352-01532.jpg,Blank Card / No data found
32931_2421401755_0352-01658.jpg,Blank Card / No data found
32931_2421401755_0352-01638.jpg,Blank Card / No data found
32931_2421401755_0352-01649.jpg,Blank Card / No data found
32931_2421401755_0352-01636.jpg,Blank Card / No data found
32931_2421401755_0352-01680.jpg,Blank Card / No data found
32931_2421401755_0352-01644.jpg,Blank Card / No data found
32931_2421401755_0352-01650.jpg,Blank Card / No data found
32931_2421401755_0352-01586.jpg,Blank Card / No data found
32931_2421401755_0352-01578.jpg,Blank Card / No data found
32931_2421401755_0352-01653.jpg,Blank Card / No data found
32931_2421401755_0352-01634.jpg,Blank Card / No data found
32931_2421401755_0352-01630.jpg,Blank Card / No data found
32931_2421401755_0352-01686.jpg,Blank Card / No data found
32931_2421401755_0352-01712.jpg,Blank Card / No data found
32931_2421401755_0352-01648.jpg,Blank Card / No data found
32931_2421401755_0352-01676.jpg,Blank Card / No data found
32931_2421401755_0352-01640.jpg,Blank Card / No data found
32931_2421401755_0352-01668.jpg,Blank Card / No data found
32931_2421401755_0352-01655.jpg,Blank Card / No data found
32931_2421401755_0352-01672.jpg,Blank Card / No data found
32931_2421401755_0352-01698.jpg,Blank Card / No data found
32931_2421401755_0352-01656.jpg,Blank Card / No data found
32931_2421401755_0352-01678.jpg,Blank Card / No data found
32931_2421401755_0352-01651.jpg,Blank Card / No data found
32931_2421401755_0352-01647.jpg,Blank Card / No data found
32931_2421401755_0352-01624.jpg,Blank Card / No data found
32931_2421401755_0352-01646.jpg,Blank Card / No data found
32931_2421401755_0352-01690.jpg,Blank Card / No data found
32931_2421401755_0352-01688.jpg,Blank Card / No data found
32931_2421401755_0352-01628.jpg,Blank Card / No data found
32931_2421401755_0352-01692.jpg,Blank Card / No data found
32931_2421401755_0352-01670.jpg,Blank Card / No data found
32931_2421401755_0352-01616.jpg,Blank Card / No data found
32931_2421401755_0352-01734.jpg,Blank Card / No data found
32931_2421401755_0352-01718.jpg,Blank Card / No data found
32931_2421401755_0352-01732.jpg,Blank Card / No data found
32931_2421401755_0352-01654.jpg,Blank Card / No data found
32931_2421401755_0352-01684.jpg,Blank Card / No data found
32931_2421401755_0352-01726.jpg,Blank Card / No data found
32931_2421401755_0352-01710.jpg,Blank Card / No data found
32931_2421401755_0352-01702.jpg,Blank Card / No data found
32931_2421401755_0352-01716.jpg,Blank Card / No data found
32931_2421401755_0352-01694.jpg,Blank Card / No data found
32931_2421401755_0352-01662.jpg,Blank Card / No data found
32931_2421401755_0352-01736.jpg,Blank Card / No data found
32931_2421401755_0352-01728.jpg,Blank Card / No data found
32931_2421401755_0352-01752.jpg,Blank Card / No data found
32931_2421401755_0352-01700.jpg,Blank Card / No data found
32931_2421401755_0352-01652.jpg,Blank Card / No data found
32931_2421401755_0352-01720.jpg,Blank Card / No data found
32931_2421401755_0352-01748.jpg,Blank Card / No data found
32931_2421401755_0352-01746.jpg,Blank Card / No data found
32931_2421401755_0352-01756.jpg,Blank Card / No data found
32931_2421401755_0352-01750.jpg,Blank Card / No data found
32931_2421401755_0352-01707.jpg,Blank Card / No data found
32931_2421401755_0352-01666.jpg,Blank Card / No data found
32931_2421401755_0352-01766.jpg,Blank Card / No data found
32931_2421401755_0352-01742.jpg,Blank Card / No data found
32931_2421401755_0352-01642.jpg,Blank Card / No data found
32931_2421401755_0352-01730.jpg,Blank Card / No data found
32931_2421401755_0352-01740.jpg,Blank Card / No data found
32931_2421401755_0352-01758.jpg,Blank Card / No data found
32931_2421401755_0352-01714.jpg,Blank Card / No data found
32931_2421401755_0352-01724.jpg,Blank Card / No data found
32931_2421401755_0352-01754.jpg,Blank Card / No data found
32931_2421401755_0352-01768.jpg,Blank Card / No data found
32931_2421401755_0352-01784.jpg,Blank Card / No data found
32931_2421401755_0352-01778.jpg,Blank Card / No data found
32931_2421401755_0352-01704.jpg,Blank Card / No data found
32931_2421401755_0352-01800.jpg,Blank Card / No data found
32931_2421401755_0352-01808.jpg,Blank Card / No data found
32931_2421401755_0352-01788.jpg,Blank Card / No data found
32931_2421401755_0352-01762.jpg,Blank Card / No data found
32931_2421401755_0352-01770.jpg,Blank Card / No data found
32931_2421401755_0352-01674.jpg,Blank Card / No data found
32931_2421401755_0352-01786.jpg,Blank Card / No data found
32931_2421401755_0352-01682.jpg,Blank Card / No data found
32931_2421401755_0352-01764.jpg,Blank Card / No data found
32931_2421401755_0352-01796.jpg,Blank Card / No data found
32931_2421401755_0352-01798.jpg,Blank Card / No data found
32931_2421401755_0352-01772.jpg,Blank Card / No data found
32931_2421401755_0352-01696.jpg,Blank Card / No data found
32931_2421401755_0352-01706.jpg,Blank Card / No data found
32931_2421401755_0352-01776.jpg,Blank Card / No data found
32931_2421401755_0352-01794.jpg,Blank Card / No data found
32931_2421401755_0352-01812.jpg,Blank Card / No data found
32931_2421401755_0352-01774.jpg,Blank Card / No data found
32931_2421401755_0352-01782.jpg,Blank Card / No data found
32931_2421401755_0352-01806.jpg,Blank Card / No data found
32931_2421401755_0352-01835.jpg,Blank Card / No data found
32931_2421401755_0352-01790.jpg,Blank Card / No data found
32931_2421401755_0352-01816.jpg,Blank Card / No data found
32931_2421401755_0352-01744.jpg,Blank Card / No data found
32931_2421401755_0352-01836.jpg,Blank Card / No data found
32931_2421401755_0352-01738.jpg,Blank Card / No data found
32931_2421401755_0352-01810.jpg,Blank Card / No data found
32931_2421401755_0352-01840.jpg,Blank Card / No data found
32931_2421401755_0352-01708.jpg,Blank Card / No data found
32931_2421401755_0352-01848.jpg,Blank Card / No data found
32931_2421401755_0352-01832.jpg,Blank Card / No data found
32931_2421401755_0352-01822.jpg,Blank Card / No data found
32931_2421401755_0352-01722.jpg,Blank Card / No data found
32931_2421401755_0352-01844.jpg,Blank Card / No data found
32931_2421401755_0352-01892.jpg,Blank Card / No data found
32931_2421401755_0352-01828.jpg,Blank Card / No data found
32931_2421401755_0352-01792.jpg,Blank Card / No data found
32931_2421401755_0352-01894.jpg,Blank Card / No data found
32931_2421401755_0352-01834.jpg,Blank Card / No data found
32931_2421401755_0352-01862.jpg,Blank Card / No data found
32931_2421401755_0352-01856.jpg,Blank Card / No data found
32931_2421401755_0352-01824.jpg,Blank Card / No data found
32931_2421401755_0352-01874.jpg,Blank Card / No data found
32931_2421401755_0352-01882.jpg,Blank Card / No data found
32931_2421401755_0352-01837.jpg,Blank Card / No data found
32931_2421401755_0352-01852.jpg,Blank Card / No data found
32931_2421401755_0352-01842.jpg,Blank Card / No data found
32931_2421401755_0352-01820.jpg,System Error: [WinError 10054] An existing connection was forcibly closed by the remote host
32931_2421401755_0352-01888.jpg,Blank Card / No data found
32931_2421401755_0352-01843.jpg,Blank Card / No data found
32931_2421401755_0352-01858.jpg,Blank Card / No data found
32931_2421401755_0352-01838.jpg,Blank Card / No data found
32931_2421401755_0352-01872.jpg,Blank Card / No data found
32931_2421401755_0352-01870.jpg,Blank Card / No data found
32931_2421401755_0352-01802.jpg,Blank Card / No data found
32931_2421401755_0352-01854.jpg,Blank Card / No data found
32931_2421401755_0352-01804.jpg,Blank Card / No data found
32931_2421401755_0352-01906.jpg,Blank Card / No data found
32931_2421401755_0352-01841.jpg,Blank Card / No data found
32931_2421401755_0352-01868.jpg,Blank Card / No data found
32931_2421401755_0352-01864.jpg,Blank Card / No data found
32931_2421401755_0352-01691.jpg,System Error: [WinError 10054] An existing connection was forcibly closed by the remote host
32931_2421401755_0352-01884.jpg,Blank Card / No data found
32931_2421401755_0352-01876.jpg,Blank Card / No data found
32931_2421401755_0352-01878.jpg,Blank Card / No data found
32931_2421401755_0352-01839.jpg,Blank Card / No data found
32931_2421401755_0352-01880.jpg,Blank Card / No data found
32931_2421401755_0352-01900.jpg,Blank Card / No data found
32931_2421401755_0352-01920.jpg,Blank Card / No data found
32931_2421401755_0352-01850.jpg,Blank Card / No data found
32931_2421401755_0352-01908.jpg,Blank Card / No data found
32931_2421401755_0352-01818.jpg,Blank Card / No data found
32931_2421401755_0352-01846.jpg,Blank Card / No data found
32931_2421401755_0352-01830.jpg,Blank Card / No data found
32931_2421401755_0352-01914.jpg,Blank Card / No data found
32931_2421401755_0352-01910.jpg,Blank Card / No data found
32931_2421401755_0352-01950.jpg,Blank Card / No data found
32931_2421401755_0352-01886.jpg,Blank Card / No data found
32931_2421401755_0352-01890.jpg,Blank Card / No data found
32931_2421401755_0352-01866.jpg,Blank Card / No data found
32931_2421401755_0352-01898.jpg,Blank Card / No data found
32931_2421401755_0352-01860.jpg,Blank Card / No data found
32931_2421401755_0352-01940.jpg,Blank Card / No data found
32931_2421401755_0352-01960.jpg,Blank Card / No data found
32931_2421401755_0352-01896.jpg,Blank Card / No data found
32931_2421401755_0352-01926.jpg,Blank Card / No data found
32931_2421401755_0352-01942.jpg,Blank Card / No data found
32931_2421401755_0352-01912.jpg,Blank Card / No data found
32931_2421401755_0352-01922.jpg,Blank Card / No data found
32931_2421401755_0352-01932.jpg,Blank Card / No data found
32931_2421401755_0352-01918.jpg,Blank Card / No data found
32931_2421401755_0352-01948.jpg,Blank Card / No data found
32931_2421401755_0352-01930.jpg,Blank Card / No data found
32931_2421401755_0352-01928.jpg,Blank Card / No data found
32931_2421401755_0352-01904.jpg,Blank Card / No data found
32931_2421401755_0352-01964.jpg,Blank Card / No data found
32931_2421401755_0352-01974.jpg,Blank Card / No data found
32931_2421401755_0352-01986.jpg,Blank Card / No data found
32931_2421401755_0352-01944.jpg,Blank Card / No data found
32931_2421401755_0352-01978.jpg,Blank Card / No data found
32931_2421401755_0352-01934.jpg,Blank Card / No data found
32931_2421401755_0352-01962.jpg,Blank Card / No data found
32931_2421401755_0352-01984.jpg,Blank Card / No data found
32931_2421401755_0352-01936.jpg,Blank Card / No data found
32931_2421401755_0352-02010.jpg,Blank Card / No data found
32931_2421401755_0352-01924.jpg,Blank Card / No data found
32931_2421401755_0352-01970.jpg,Blank Card / No data found
32931_2421401755_0352-01966.jpg,Blank Card / No data found
32931_2421401755_0352-01976.jpg,Blank Card / No data found
32931_2421401755_0352-02038.jpg,Blank Card / No data found
32931_2421401755_0352-02008.jpg,Blank Card / No data found
32931_2421401755_0352-01938.jpg,Blank Card / No data found
32931_2421401755_0352-01956.jpg,Blank Card / No data found
32931_2421401755_0352-01982.jpg,Blank Card / No data found
32931_2421401755_0352-01952.jpg,Blank Card / No data found
32931_2421401755_0352-01998.jpg,Blank Card / No data found
32931_2421401755_0352-01902.jpg,Blank Card / No data found
32931_2421401755_0352-01916.jpg,Blank Card / No data found
32931_2421401755_0352-01954.jpg,Blank Card / No data found
32931_2421401755_0352-01972.jpg,Blank Card / No data found
32931_2421401755_0352-01988.jpg,Blank Card / No data found
32931_2421401755_0352-02004.jpg,Blank Card / No data found
32931_2421401755_0352-02016.jpg,Blank Card / No data found
32931_2421401755_0352-01958.jpg,Blank Card / No data found
32931_2421401755_0352-01996.jpg,Blank Card / No data found
32931_2421401755_0352-02020.jpg,Blank Card / No data found
32931_2421401755_0352-02014.jpg,Blank Card / No data found
32931_2421401755_0352-01968.jpg,Blank Card / No data found
32931_2421401755_0352-02002.jpg,Blank Card / No data found
32931_2421401755_0352-02012.jpg,Blank Card / No data found
32931_2421401755_0352-01946.jpg,Blank Card / No data found
32931_2421401755_0352-02000.jpg,Blank Card / No data found
32931_2421401755_0352-02030.jpg,Blank Card / No data found
32931_2421401755_0352-02046.jpg,Blank Card / No data found
32931_2421401755_0352-02022.jpg,Blank Card / No data found
32931_2421401755_0352-02044.jpg,Blank Card / No data found
32931_2421401755_0352-02028.jpg,Blank Card / No data found
32931_2421401755_0352-02024.jpg,Blank Card / No data found
32931_2421401755_0352-02048.jpg,Blank Card / No data found
32931_2421401755_0352-01980.jpg,Blank Card / No data found
32931_2421401755_0352-02040.jpg,Blank Card / No data found
32931_2421401755_0352-02034.jpg,Blank Card / No data found
32931_2421401755_0352-02018.jpg,Blank Card / No data found
32931_2421401755_0352-02006.jpg,Blank Card / No data found
32931_2421401755_0352-02062.jpg,Blank Card / No data found
32931_2421401755_0352-02066.jpg,Blank Card / No data found
32931_2421401755_0352-02112.jpg,Blank Card / No data found
32931_2421401755_0352-02050.jpg,Blank Card / No data found
32931_2421401755_0352-02036.jpg,Blank Card / No data found
32931_2421401755_0352-02090.jpg,Blank Card / No data found
32931_2421401755_0352-02082.jpg,Blank Card / No data found
32931_2421401755_0352-01994.jpg,Blank Card / No data found
32931_2421401755_0352-02032.jpg,Blank Card / No data found
32931_2421401755_0352-02060.jpg,Blank Card / No data found
32931_2421401755_0352-02058.jpg,Blank Card / No data found
32931_2421401755_0352-02074.jpg,Blank Card / No data found
32931_2421401755_0352-02052.jpg,Blank Card / No data found
32931_2421401755_0352-02098.jpg,Blank Card / No data found
32931_2421401755_0352-02086.jpg,Blank Card / No data found
32931_2421401755_0352-01992.jpg,Blank Card / No data found
32931_2421401755_0352-02064.jpg,Blank Card / No data found
32931_2421401755_0352-02078.jpg,Blank Card / No data found
32931_2421401755_0352-02056.jpg,Blank Card / No data found
32931_2421401755_0352-02136.jpg,Blank Card / No data found
32931_2421401755_0352-02088.jpg,Blank Card / No data found
32931_2421401755_0352-01990.jpg,Blank Card / No data found
32931_2421401755_0352-02084.jpg,Blank Card / No data found
32931_2421401755_0352-02076.jpg,Blank Card / No data found
32931_2421401755_0352-02080.jpg,Blank Card / No data found
32931_2421401755_0352-02118.jpg,Blank Card / No data found
32931_2421401755_0352-02116.jpg,Blank Card / No data found
32931_2421401755_0352-02092.jpg,Blank Card / No data found
32931_2421401755_0352-02054.jpg,Blank Card / No data found
32931_2421401755_0352-02027.jpg,Blank Card / No data found
32931_2421401755_0352-02070.jpg,Blank Card / No data found
32931_2421401755_0352-02180.jpg,Blank Card / No data found
32931_2421401755_0352-02072.jpg,Blank Card / No data found
32931_2421401755_0352-02106.jpg,Blank Card / No data found
32931_2421401755_0352-02026.jpg,Blank Card / No data found
32931_2421401755_0352-02154.jpg,Blank Card / No data found
32931_2421401755_0352-02042.jpg,Blank Card / No data found
32931_2421401755_0352-02138.jpg,Blank Card / No data found
32931_2421401755_0352-02144.jpg,Blank Card / No data found
32931_2421401755_0352-02108.jpg,Blank Card / No data found
32931_2421401755_0352-02140.jpg,Blank Card / No data found
32931_2421401755_0352-02130.jpg,Blank Card / No data found
32931_2421401755_0352-02102.jpg,Blank Card / No data found
32931_2421401755_0352-02120.jpg,Blank Card / No data found
32931_2421401755_0352-02068.jpg,Blank Card / No data found
32931_2421401755_0352-02094.jpg,Blank Card / No data found
32931_2421401755_0352-02128.jpg,Blank Card / No data found
32931_2421401755_0352-02134.jpg,Blank Card / No data found
32931_2421401755_0352-02158.jpg,Blank Card / No data found
32931_2421401755_0352-02124.jpg,Blank Card / No data found
32931_2421401755_0352-02162.jpg,Blank Card / No data found
32931_2421401755_0352-02114.jpg,Blank Card / No data found
32931_2421401755_0352-02096.jpg,Blank Card / No data found
32931_2421401755_0352-02142.jpg,Blank Card / No data found
32931_2421401755_0352-02148.jpg,Blank Card / No data found
32931_2421401755_0352-02156.jpg,Blank Card / No data found
32931_2421401755_0352-02100.jpg,Blank Card / No data found
32931_2421401755_0352-02202.jpg,Blank Card / No data found
32931_2421401755_0352-02194.jpg,Blank Card / No data found
32931_2421401755_0352-02178.jpg,Blank Card / No data found
32931_2421401755_0352-02104.jpg,Blank Card / No data found
32931_2421401755_0352-02150.jpg,Blank Card / No data found
32931_2421401755_0352-02164.jpg,Blank Card / No data found
32931_2421401755_0352-02174.jpg,Blank Card / No data found
32931_2421401755_0352-02126.jpg,Blank Card / No data found
32931_2421401755_0352-02192.jpg,Blank Card / No data found
32931_2421401755_0352-02122.jpg,Blank Card / No data found
32931_2421401755_0352-02212.jpg,Blank Card / No data found
32931_2421401755_0352-02166.jpg,Blank Card / No data found
32931_2421401755_0352-02198.jpg,Blank Card / No data found
32931_2421401755_0352-02146.jpg,Blank Card / No data found
32931_2421401755_0352-02132.jpg,Blank Card / No data found
32931_2421401755_0352-02110.jpg,Blank Card / No data found
32931_2421401755_0352-02204.jpg,Blank Card / No data found
32931_2421401755_0352-02168.jpg,Blank Card / No data found
32931_2421401755_0352-02210.jpg,Blank Card / No data found
32931_2421401755_0352-02160.jpg,Blank Card / No data found
32931_2421401755_0352-02208.jpg,Blank Card / No data found
32931_2421401755_0352-02196.jpg,Blank Card / No data found
32931_2421401755_0352-02190.jpg,Blank Card / No data found
32931_2421401755_0352-02172.jpg,Blank Card / No data found
32931_2421401755_0352-02170.jpg,Blank Card / No data found
32931_2421401755_0352-02182.jpg,Blank Card / No data found
32931_2421401755_0352-02200.jpg,Blank Card / No data found
32931_2421401755_0352-02176.jpg,Blank Card / No data found
32931_2421401755_0352-02152.jpg,Blank Card / No data found
32931_2421401755_0352-02216.jpg,Blank Card / No data found
32931_2421401755_0352-02188.jpg,Blank Card / No data found
32931_2421401755_0352-02184.jpg,Blank Card / No data found
